Model,Precision,Recall,Accuracy,Training Time (s)
ResNet50,0.8458781,0.8309859,0.8503289,4830.331319093704
