Model,Precision,Recall,Accuracy,Training Time (s)
ResNet50,0.7531915,0.8349057,0.88375,1242.0630431175232
