Model,Precision,Recall,Accuracy,Training Time (s)
ResNet50,0.8509934,0.8862069,0.8645833,2268.336206436157
