Model,Precision,Recall,Accuracy,Training Time (s)
ResNet50,0.87460816,0.8664596,0.8634868,4612.823235988617
