Model,Precision,Recall,Accuracy,Training Time (s)
ResNet50,0.8643068,0.9015385,0.87171054,5844.6602602005005
