Model,Precision,Recall,Accuracy,Training Time (s)
ResNet50,0.62711865,0.5943775,0.8485577,1611.5067789554596
