Model,Precision,Recall,Accuracy,Training Time (s)
ResNet50,0.70535713,0.7821782,0.8567708,804.6812906265259
